AmPuXwa8cJ16MQz2RKrDGJzmNmaTT2zpR8F3dR2LjEFCpKsLHe83,10
AmN5TTLtox7fis7susr7EMBPmFQya3DwuHyko1DsLjrroerkg7Mh,10
AmLvhWoJhwc5os7RL2VhYZ5WtzxkgwJotZ3ujKxDZBojgWXKREYr,10
AmQGEJVasbCAUBqtUeHaGXPabeivJkmqhhhgB5W8nW4w3YYGfx2C,10
AmP3iFRyttGVaZMy8FVTdfqvet72mBW7ApoggBF8DDQpQAWDBpez,10
AmNBvxz1snTR5hsCMZVDUPd8KsQNzGwJf5p5spsEEesUW56TRuC2,10
AmLq2bj114KseByAayDYwGBhRbPEUpSXY3uf6u4qso331h5kfrKY,10
AmLf8SVrLpYWjyvWMR8XKYBEZJdoVY5HQnKC5W8Jve9WSrkwaJcA,10
AmN6tL8MLsQnAeS2zsnKptitGgt2FEjxnn2L3QfvQ3VyinmvZwQu,10
AmMBc35UN8pSGNVufRJNKognHvF4YFuDP33zpwafVw6TVc5pkn37,10
AmLwFiGSpqXLyr9QsAekMDXA86TdYYs78AviTxaP8ZMgjmMje5aF,10
AmLwqNdvXSvfsuvi2GBSENLPJinMD4Jhq91xPCYS4HypEtzgwQHF,10
AmMg42aeHFgQGcmPzL6tZxV1Ry4dkymBqviWYAkZkYqrCWZtjeZq,10
AmQNWvRS3xpA4tG6bVtvCQE3XvYYEaKx4tS4edBbVGpX3GWk7gL5,10
AmPLrja5jVonPidHU3PMsEnqhrSfNDuv4F5QKhvKNyqrex644yxU,10
AmPwVshXbUq4VEBbfbwFqLcJ93jnMg5kDhHepRPPFxNPGCEZpYNy,10
AmMTe7wQ4GkL8gwsH3wHSu4EwXUsgru2wcD8vS1SmvBAKD3LC6Tn,10
AmMEYt2czLjoKxx6fYE5bdoYPP9QxH5MxUDiAciSjY4hvstQi8cm,10
AmMLRQLvz9r7C7kTC3ZikfkUC8dcRbsoRNKUmWHHQBrGmKWkTRXH,10
AmNBfMwxXwVK6vg79djATSKZMSY68b3GxH6ZoGmRtm7cESzADyft,10
AmQ46DXASVL28kEGjN8xxMdXvKk3ANe2gEXUMakK96dgpyJtDro5,10
AmMYQKukpNgzxr9y38XPhyQXFwJMVQC5ShfZFtMFxEesj1jFQKUX,10
AmQCaKf1fddrnLVyzh9WEi5DMnMvQRjueCbBex7mFisDm9RHnAJC,10
AmNq8EnQuHDhctqRm6hmPhK1taFofNqToAawLfdNUqT1GbCprYpB,10
AmLwfyGZ9Tw49rbgvqcSMBGxQ3BrUqvBzwykuY276AN5khCzvukR,10
AmPUV4dFpQGY6Av7aWFkJSSzDCyUkmByY3pRPyrmhMR9g2mbHtVc,10
AmNm757nQEU6Yn3TJxiZJRPwTE66B3iPK5UC9CJKD5k9rnVkyKwt,10
AmMGhLtCbC9fApaG3NGbGFR5QWX66TU9ZUCB5oU3gkn2KGkspRJk,10
AmNRqMggzRLhNMBAshiEoEAV8PXjCq1eAuNP4JAAYvBBcF4HE5dT,10
AmMcK2yKtH3TaCfq8QpLnLisu3Q9uhNi48TFfbGzbZfkK19zVtSy,10
AmPswCFNtbidgcZbsiUWbExW2mhcpoZTSmb5tnQq7Q4YKkTjiHQm,10
AmN5rwkdhLJZN2TaZguWm2a59qGFHxD1LrXQwfb6DJUfWsfun4UF,10
AmNnJrxP87sAzUjgEQK14gztz4gLCGRZUGd3jD3KhQSAD1hBpSGj,10
AmNrmg6ysLYSKYVux23CeDo4TcXxbynFQgo5Rz3qRgCyoid3eL5P,10
AmPQ7DNwZKB5ouHbG72oeM8fjMesjcHmvi2hQvyWqnLG8PuQgDMa,10
AmQJ1Bqp8WAP9mA7x5hzSqkoH9wHuDG2YLnKn8pFZh11GjRospRn,10
AmNzkmxfkKsJLKTfhDCiykJe1jr9UcybjJAruXM18QYK4V1fG3Xn,10
AmPG9AJ55gYKyjhXmbeKAxHjS8NeM97rvPc5P7SQaL1TEmyst1jU,10
AmLWj2NXcSyo1jG8ZoRNwgS3G7FCvRJKxgio6AtH4xZ8rVZ6kW88,10
AmNRTU8qSQP32sEw5TibSy7sy87xfiHtwusPikrJnzMzET5WBjqQ,10
AmMGXcWxfUhEiVkEiyjg1ESVUprmX82BtEEiDFZqTuK2gtdps8Vk,10
AmLcniMd6KTbJm5RAB819F6k6ihXbJkps55ZUDEf2RpRd6ZfXgoM,10
AmLpSieRb3zeiiTrciQRC174YCc2x3zDjijQe4jccNgfXeEE95Mb,10
AmPrgmxoESA55jnmw5hamYTDEvnCJExhf5FSPcbok94QT1qomyZo,10
AmMFC5XcsBhZ93veHLSihfFoe4YdVdocpsAg3csSopLk9B8AXENf,10
AmPLHFoAhtTvQVyuLmLLzVfj35dJekD4pVCJP57eBEhgSFJRfGVR,10
AmNBeqzhDGZhn6VEbPGaGaLg1toF2NCWRHy1Q6HtVGh5Qq3HM4xE,10
AmMN8gR5uLJaUZxPnPWTFbMvGzR39rpSLT2asPVxEyjVndmi5Y8p,10
AmMAfaMpDVYz9CWp485BRNwcCSs3o7qDt2erLn29i3gPvVJx173z,10
AmMrt5cZ4zQHTPnJDzfkPsZT9kRCFRGGeEaq2Z7EGeDCVihnWzAz,10
AmPMgzdwpPhbdTJmQik3DvnsNEAXFuQJX6viYefLb5SXdyaMwjAJ,10
AmLd4mLEzUWvPymDb876nhwZsmyjFLUivM27t18bL65jC4WWJAtW,10
AmPGQyWVeUxVYBrWNYbC4gj1csRsX8PHNVtw9nD7GXqxCAChw2Jx,10
AmMAiBJYeaDjqMtR8nnXcMFcyC98cNhYhw9t5mfCuKnEpe2yvcuB,10
AmP13Uq23FeTKicBsbcsnEJFjTWzLJLXmwN4M9ShA5QxRjcRtm8Q,10
AmMHEXwgtWvKmDdh3mnFrxHAbtATnHdPiMgzWEehk1UKtnQr34au,10
AmNQshgnkyNEC8c34gPusYugvmKficMws6ceTfEY9suBptQW4QTq,10
AmNHQG5gsvVr5ynoShHS25uyobBQirxgP7xuzmvKpaSUJgvwJsQk,10
AmNLkXa8FuSfk5WSvdoFhZpmbob2t1xkv8UL4rmb4u4DMXAuRaMk,10
AmNMyWKGDw93prccUib5m4YLrrwJExWtk9Mzbuq8NXMqpymXjiGf,10
AmMmzLqkjUog2TfjFdsEsxZSwyttWMdNZy2EjkJUvVJwCaQoeSGk,10
AmPRi9nNPBGwZhaDFEUmjBa32aNR6vFNJFbfbgVdywCxsM7RAgyh,10
AmQP3irruFfnb4QLUUeD475ERi11QbzebUTJ3BYNkQzUfhmfibY7,10
AmPjwxJx5YdmwwTqAm3JSbmYkbx71nrgrGPXMVecpV9pY9eypU79,10
AmM7Vf3MGq17ofLv18KCsG46xRoCSijhqqV9y1mdtvJFWoWzJBmU,10
AmP67c8yyJXnwQer3bZdyMGdE8s97sfZjAnxtCefLa4pWzWQCUG2,10